title,description,provider,skill_tags,difficulty,duration_hrs,prerequisites,resource_url
Python Basics for Data Science,"Learn core Python syntax, variables, loops and functions for data work.",Coursera,python;programming;data-science,beginner,12,,https://www.coursera.org/search?query=Python+Basics+for+Data+Science
Python Programming Fundamentals,"Hands-on intro to Python programming: control flow, functions, and files.",freeCodeCamp,python;programming,beginner,15,,https://www.freecodecamp.org/learn
Statistics Fundamentals for Data Science,"Covers probability, distributions and hypothesis testing for data science.",Coursera,statistics;probability;data-science,beginner,14,,https://www.coursera.org/search?query=Statistics+Fundamentals+for+Data+Science
NumPy and Pandas Essentials,Master array computing with NumPy and dataframes with Pandas in Python.,DataCamp,python;numpy;pandas,intermediate,16,python,https://www.google.com/search?q=NumPy+and+Pandas+Essentials+DataCamp+course
Data Wrangling with Pandas,"Clean, reshape and merge messy datasets using Pandas in Python.",Udemy,pandas;data-cleaning;python,intermediate,14,python;pandas,https://www.udemy.com/courses/search/?q=Data+Wrangling+with+Pandas
Exploratory Data Analysis with Python,"Use Python and Pandas to explore, summarize and visualize datasets.",Coursera,python;pandas;visualization,intermediate,18,python;pandas,https://www.coursera.org/search?query=Exploratory+Data+Analysis+with+Python
Data Visualization with Matplotlib and Seaborn,Build charts and statistical plots in Python with Matplotlib and Seaborn.,Udemy,visualization;python;matplotlib,intermediate,12,python,https://www.udemy.com/courses/search/?q=Data+Visualization+with+Matplotlib+and+Seaborn
Probability and Statistics for ML,Deepen probability and statistics foundations needed for machine learning.,MIT OCW,statistics;probability;machine-learning,intermediate,20,statistics,https://ocw.mit.edu/search/?q=Probability+and+Statistics+for+ML
Machine Learning Foundations,Build classification and regression models in Python with scikit-learn.,Coursera,machine-learning;python;scikit-learn,intermediate,24,python;statistics,https://www.coursera.org/search?query=Machine+Learning+Foundations
Supervised Learning Algorithms,Deep dive into regression and classification algorithms for supervised ML.,edX,machine-learning;regression;classification,intermediate,22,machine-learning,https://www.edx.org/search?q=Supervised+Learning+Algorithms
Unsupervised Learning and Clustering,Explore clustering and dimensionality reduction techniques in ML.,edX,machine-learning;clustering;unsupervised-learning,advanced,20,machine-learning,https://www.edx.org/search?q=Unsupervised+Learning+and+Clustering
Feature Engineering for Machine Learning,Techniques to transform raw data into features that improve ML models.,Udemy,feature-engineering;machine-learning;python,advanced,16,machine-learning,https://www.udemy.com/courses/search/?q=Feature+Engineering+for+Machine+Learning
Deep Learning Specialization Intro,"Foundations of neural networks, backpropagation and training deep nets.",Coursera,deep-learning;neural-networks;python,advanced,30,machine-learning;python,https://www.coursera.org/search?query=Deep+Learning+Specialization+Intro
Practical Deep Learning for Coders,Code-first deep learning course building real models with PyTorch.,fast.ai,deep-learning;pytorch;neural-networks,advanced,35,deep-learning,https://course.fast.ai/
Natural Language Processing with Python,"Build NLP pipelines for text classification, tagging and embeddings.",Coursera,nlp;deep-learning;python,advanced,28,deep-learning,https://www.coursera.org/search?query=Natural+Language+Processing+with+Python
Transformers and Large Language Models,Understand transformer architecture and fine-tune modern LLMs.,Hugging Face,nlp;transformers;deep-learning,advanced,26,nlp;deep-learning,https://huggingface.co/learn/nlp-course
Computer Vision Fundamentals,Introduction to image processing and deep learning for computer vision.,Udacity,computer-vision;deep-learning;python,advanced,24,deep-learning,https://www.udacity.com/courses/all
Convolutional Neural Networks for Vision,Design and train CNNs for image classification and detection tasks.,Coursera,computer-vision;cnn;deep-learning,advanced,26,computer-vision,https://www.coursera.org/search?query=Convolutional+Neural+Networks+for+Vision
MLOps: Deploying ML Models in Production,"Learn CI/CD, monitoring and versioning practices for ML systems.",Google,mlops;deployment;machine-learning,advanced,20,machine-learning,https://cloud.google.com/architecture/mlops-continuous-delivery-and-automation-pipelines-in-machine-learning
Model Deployment with FastAPI and Docker,Package and serve trained ML models using FastAPI and Docker containers.,Udemy,model-deployment;mlops;docker,advanced,18,mlops;python,https://www.udemy.com/courses/search/?q=Model+Deployment+with+FastAPI+and+Docker
HTML and CSS Fundamentals,Build your first web pages with semantic HTML and styled CSS layouts.,freeCodeCamp,html;css;web-development,beginner,10,,https://www.freecodecamp.org/learn
Responsive Web Design,"Create mobile-friendly layouts using CSS Flexbox, Grid and media queries.",freeCodeCamp,css;responsive-design;html,beginner,12,html;css,https://www.freecodecamp.org/learn
JavaScript Basics,"Learn JavaScript syntax, variables, functions and DOM basics from scratch.",Coursera,javascript;programming;web-development,beginner,14,,https://www.coursera.org/search?query=JavaScript+Basics
JavaScript: The Modern Way,"Master ES6+ features like arrow functions, destructuring and async/await.",Udemy,javascript;es6;web-development,intermediate,16,javascript,https://www.udemy.com/courses/search/?q=JavaScript%3A+The+Modern+Way
DOM Manipulation and Browser APIs,Interact with web pages dynamically using the DOM and browser APIs.,Udemy,javascript;dom;web-development,intermediate,12,javascript;html,https://www.udemy.com/courses/search/?q=DOM+Manipulation+and+Browser+APIs
React.js Fundamentals,"Build interactive UIs with components, props and state in React.",Coursera,react;javascript;frontend,intermediate,20,javascript;html,https://www.coursera.org/search?query=React.js+Fundamentals
State Management with React Hooks,Manage component state and side effects using useState and useEffect.,Udemy,react;hooks;javascript,intermediate,14,react,https://www.udemy.com/courses/search/?q=State+Management+with+React+Hooks
Advanced React Patterns and Performance,"Optimize React apps with memoization, context and advanced patterns.",Udemy,react;performance;javascript,advanced,18,react;hooks,https://www.udemy.com/courses/search/?q=Advanced+React+Patterns+and+Performance
TypeScript for JavaScript Developers,Add static typing to JavaScript projects using TypeScript.,Udemy,typescript;javascript;programming,intermediate,14,javascript,https://www.udemy.com/courses/search/?q=TypeScript+for+JavaScript+Developers
Node.js Fundamentals,Build server-side applications with Node.js and the event loop.,Coursera,nodejs;javascript;backend,intermediate,18,javascript,https://www.coursera.org/search?query=Node.js+Fundamentals
Building REST APIs with Express.js,Design and build RESTful APIs using Node.js and Express.,Udemy,rest-api;nodejs;express,intermediate,16,nodejs,https://www.udemy.com/courses/search/?q=Building+REST+APIs+with+Express.js
SQL Databases for Web Developers,Learn SQL basics for storing and querying web application data.,Khan Academy,sql;databases;web-development,beginner,10,,https://www.khanacademy.org/computing/computer-programming/sql
Relational Database Design,Design normalized relational schemas and write efficient SQL queries.,MIT OCW,sql;database-design;databases,intermediate,18,sql,https://ocw.mit.edu/search/?q=Relational+Database+Design
NoSQL with MongoDB,Model and query document data using MongoDB for web applications.,MongoDB University,nosql;mongodb;databases,intermediate,14,databases,https://learn.mongodb.com/
Authentication and Authorization in Web Apps,"Implement secure login, JWTs and role-based access in web apps.",Udemy,web-security;authentication;nodejs,advanced,16,nodejs;rest-api,https://www.udemy.com/courses/search/?q=Authentication+and+Authorization+in+Web+Apps
GraphQL API Design,"Design flexible APIs with GraphQL schemas, queries and mutations.",Udemy,graphql;api-design;javascript,advanced,14,rest-api;javascript,https://www.udemy.com/courses/search/?q=GraphQL+API+Design
Full-Stack Web Development with MERN,"Build a complete app using MongoDB, Express, React and Node.js.",Udemy,fullstack;react;nodejs;mongodb,advanced,32,react;nodejs;mongodb,https://www.udemy.com/courses/search/?q=Full-Stack+Web+Development+with+MERN
Testing JavaScript Applications,Write unit and integration tests for JS apps using Jest.,Udemy,testing;javascript;jest,advanced,12,javascript,https://www.udemy.com/courses/search/?q=Testing+JavaScript+Applications
Web Performance Optimization,Improve load times and rendering performance of modern web apps.,Google,performance;web-development;javascript,advanced,10,web-development,https://web.dev/learn/performance
Deploying Full-Stack Applications,Ship full-stack JavaScript apps to production with CI/CD pipelines.,Udemy,deployment;fullstack;devops,advanced,14,fullstack,https://www.udemy.com/courses/search/?q=Deploying+Full-Stack+Applications
Linux Command Line Basics,"Navigate the filesystem, manage files and run commands in Linux.",edX,linux;command-line;devops,beginner,10,,https://www.edx.org/search?q=Linux+Command+Line+Basics
Introduction to Git and GitHub,Track code changes and collaborate using Git and GitHub workflows.,Udemy,git;version-control;collaboration,beginner,8,,https://www.udemy.com/courses/search/?q=Introduction+to+Git+and+GitHub
Shell Scripting for Automation,Automate repetitive tasks by writing Bash shell scripts on Linux.,Udemy,linux;bash;scripting,intermediate,12,linux,https://www.udemy.com/courses/search/?q=Shell+Scripting+for+Automation
Docker Fundamentals,Package applications into portable containers using Docker.,Docker,docker;containers;devops,intermediate,14,linux,https://docs.docker.com/get-started/
Docker Compose for Multi-Container Apps,Define and run multi-service applications using Docker Compose.,Udemy,docker;containers;orchestration,intermediate,10,docker,https://docs.docker.com/compose/gettingstarted/
Kubernetes for Beginners,Deploy and manage containerized apps at scale with Kubernetes.,Udemy,kubernetes;containers;orchestration,advanced,24,docker,https://kubernetes.io/docs/tutorials/kubernetes-basics/
Advanced Kubernetes Operations,"Manage scaling, networking and security for production Kubernetes clusters.",Linux Foundation,kubernetes;devops;orchestration,advanced,26,kubernetes,https://kubernetes.io/docs/concepts/
AWS Cloud Practitioner Fundamentals,"Learn core AWS services, pricing and the shared responsibility model.",AWS,aws;cloud;fundamentals,beginner,12,,https://aws.amazon.com/training/learn-about/cloud-practitioner/
AWS Compute and Storage Services,Provision EC2 instances and S3 storage for scalable cloud workloads.,AWS,aws;ec2;cloud,intermediate,16,aws,https://aws.amazon.com/training/
AWS Solutions Architect Associate Prep,"Design resilient, cost-effective architectures on AWS for certification.",Udemy,aws;cloud-architecture;cloud,advanced,30,aws;ec2,https://aws.amazon.com/certification/certified-solutions-architect-associate/
CI/CD Pipelines with GitHub Actions,"Automate build, test and deploy workflows using GitHub Actions.",Udemy,ci-cd;github-actions;devops,intermediate,12,git,https://www.udemy.com/courses/search/?q=CI%2FCD+Pipelines+with+GitHub+Actions
CI/CD with Jenkins,Set up automated build and deployment pipelines using Jenkins.,Udemy,ci-cd;jenkins;devops,intermediate,14,git,https://www.udemy.com/courses/search/?q=CI%2FCD+with+Jenkins
Infrastructure as Code with Terraform,Provision and manage cloud infrastructure declaratively with Terraform.,HashiCorp,terraform;iac;devops,advanced,18,aws;cloud,https://developer.hashicorp.com/terraform/tutorials
Configuration Management with Ansible,Automate server configuration and provisioning using Ansible playbooks.,Udemy,ansible;devops;automation,advanced,16,linux,https://www.udemy.com/courses/search/?q=Configuration+Management+with+Ansible
Cloud Security Fundamentals,"Learn identity, encryption and network security best practices for the cloud.",Coursera,cloud-security;security;cloud,advanced,18,cloud,https://www.coursera.org/search?query=Cloud+Security+Fundamentals
Monitoring and Logging with Prometheus and Grafana,"Set up metrics, dashboards and alerting for containerized systems.",Udemy,monitoring;devops;observability,advanced,14,docker,https://www.udemy.com/courses/search/?q=Monitoring+and+Logging+with+Prometheus+and+Grafana
Site Reliability Engineering Basics,"Apply SRE principles like SLOs, error budgets and incident response.",Google,sre;devops;monitoring,advanced,16,devops,https://sre.google/books/
Azure Fundamentals,Learn core Microsoft Azure services and cloud concepts from scratch.,Microsoft,azure;cloud;fundamentals,beginner,12,,https://learn.microsoft.com/training/paths/azure-fundamentals/
Google Cloud Platform Essentials,"Get started with compute, storage and networking services on GCP.",Google,gcp;cloud;fundamentals,beginner,12,,https://cloud.google.com/training
Multi-Cloud DevOps Strategy,"Design DevOps workflows that span AWS, Azure and GCP environments.",Udemy,devops;cloud;multi-cloud,advanced,20,aws;azure,https://www.udemy.com/courses/search/?q=Multi-Cloud+DevOps+Strategy
SQL for Data Analytics,"Write SQL queries to filter, join and aggregate business data.",Coursera,sql;analytics;data-analysis,beginner,12,,https://www.coursera.org/search?query=SQL+for+Data+Analytics
Advanced SQL Queries and Optimization,"Master window functions, CTEs and query performance tuning in SQL.",Udemy,sql;query-optimization;analytics,intermediate,14,sql,https://www.udemy.com/courses/search/?q=Advanced+SQL+Queries+and+Optimization
Excel Fundamentals for Business,Learn essential spreadsheet formulas and functions for business tasks.,Coursera,excel;spreadsheets;business,beginner,8,,https://www.coursera.org/search?query=Excel+Fundamentals+for+Business
"Advanced Excel: Formulas, Pivot Tables and Macros","Automate reporting with pivot tables, macros and advanced formulas.",Udemy,excel;pivot-tables;automation,intermediate,14,excel,https://www.udemy.com/courses/search/?q=Advanced+Excel%3A+Formulas%2C+Pivot+Tables+and+Macros
Google Sheets for Business Analysis,Analyze business data using formulas and charts in Google Sheets.,Google,sheets;spreadsheets;business,beginner,8,,https://cloud.google.com/training
Data Visualization with Tableau,Build interactive dashboards and visual reports using Tableau.,Tableau,tableau;data-visualization;analytics,intermediate,16,sql,https://www.tableau.com/learn/training
Power BI for Business Intelligence,Create BI reports and dashboards connecting to data with Power BI.,Microsoft,power-bi;business-intelligence;analytics,intermediate,16,sql,https://learn.microsoft.com/power-bi/
Business Intelligence Fundamentals,"Understand BI concepts, data warehousing and reporting fundamentals.",edX,business-intelligence;analytics;data-driven-decisions,beginner,10,,https://www.edx.org/search?q=Business+Intelligence+Fundamentals
Introduction to Product Management,"Learn the product lifecycle, discovery and strategy fundamentals.",Coursera,product-management;business;strategy,beginner,12,,https://www.coursera.org/search?query=Introduction+to+Product+Management
Product Discovery and User Research,Conduct user interviews and validate ideas before building features.,Udemy,product-management;user-research;strategy,intermediate,12,product-management,https://www.udemy.com/courses/search/?q=Product+Discovery+and+User+Research
Agile and Scrum Fundamentals,"Understand agile principles, sprints and the Scrum framework.",Coursera,agile;scrum;project-management,beginner,10,,https://www.coursera.org/search?query=Agile+and+Scrum+Fundamentals
Scrum Master Certification Prep,Prepare for Scrum Master certification by facilitating agile ceremonies.,Udemy,scrum;agile;leadership,intermediate,14,agile;scrum,https://www.udemy.com/courses/search/?q=Scrum+Master+Certification+Prep
Product Roadmapping and Prioritization,Prioritize features and build roadmaps aligned to business goals.,Udemy,product-management;roadmapping;strategy,intermediate,12,product-management,https://www.udemy.com/courses/search/?q=Product+Roadmapping+and+Prioritization
Data-Driven Decision Making for Managers,Use business intelligence data to guide management decisions.,Coursera,business-intelligence;data-analysis;decision-making,intermediate,14,business-intelligence,https://www.coursera.org/search?query=Data-Driven+Decision+Making+for+Managers
KPI Design and Dashboard Reporting,Design meaningful KPIs and build dashboards to track them.,Udemy,kpi;dashboards;business-intelligence,advanced,16,business-intelligence;power-bi,https://www.udemy.com/courses/search/?q=KPI+Design+and+Dashboard+Reporting
A/B Testing and Experimentation for Product Teams,Design and analyze experiments to validate product decisions.,Udacity,ab-testing;product-management;analytics,advanced,16,product-management;analytics,https://www.udacity.com/courses/all
Product Analytics with SQL and Mixpanel,Analyze user behavior and funnels using SQL and product analytics tools.,Udemy,product-analytics;sql;analytics,advanced,16,sql;product-management,https://www.udemy.com/courses/search/?q=Product+Analytics+with+SQL+and+Mixpanel
Stakeholder Communication for Product Managers,Communicate product decisions effectively to diverse stakeholders.,Coursera,communication;product-management;leadership,advanced,10,product-management,https://www.coursera.org/search?query=Stakeholder+Communication+for+Product+Managers
Business Strategy and Market Analysis,Analyze markets and competitors to shape effective business strategy.,edX,business-strategy;market-analysis;strategy,advanced,18,business,https://www.edx.org/search?q=Business+Strategy+and+Market+Analysis
Capstone: Building a Product Strategy from Data,Apply BI and product management skills to craft a data-backed strategy.,Coursera,product-management;business-intelligence;strategy,advanced,20,product-management;business-intelligence,https://www.coursera.org/search?query=Capstone%3A+Building+a+Product+Strategy+from+Data
